dataset,series,model,family,origin,date,mase,seconds,mape,wql,cov80
uk_demand_30min,-,naive_last,naive,2048,2025-02-12,3.0456868553259935,1.979157483826081e-06,19.6417040652593,,
uk_demand_30min,-,naive_last,naive,6937,2025-05-25,2.0232029680232184,1.979157483826081e-06,18.967409458510044,,
uk_demand_30min,-,naive_last,naive,11827,2025-09-04,2.208184563866706,1.979157483826081e-06,17.121148690204997,,
uk_demand_30min,-,naive_last,naive,16716,2025-12-15,5.297159730353911,1.979157483826081e-06,29.023082208637863,,
uk_demand_30min,-,naive_last,naive,21606,2026-03-27,2.4295122687310813,1.979157483826081e-06,18.282355009576527,,
uk_demand_30min,-,naive_last,naive,26495,2026-07-06,1.5832895147762058,1.979157483826081e-06,13.891832865745569,,
uk_demand_30min,-,naive_mean,naive,2048,2025-02-12,3.2575706701424285,4.979160924752553e-06,17.36095283951587,,
uk_demand_30min,-,naive_mean,naive,6937,2025-05-25,5.902953818385083,4.979160924752553e-06,63.1680488096878,,
uk_demand_30min,-,naive_mean,naive,11827,2025-09-04,1.622797729482491,4.979160924752553e-06,12.353866404510455,,
uk_demand_30min,-,naive_mean,naive,16716,2025-12-15,3.8809966220753904,4.979160924752553e-06,20.82189989492136,,
uk_demand_30min,-,naive_mean,naive,21606,2026-03-27,1.6782525707007985,4.979160924752553e-06,13.577103690551647,,
uk_demand_30min,-,naive_mean,naive,26495,2026-07-06,2.3534452877291656,4.979160924752553e-06,22.350963458812345,,
uk_demand_30min,-,seasonal_naive,naive,2048,2025-02-12,0.2161961716333235,2.652833548684915e-06,1.2469226061979448,,
uk_demand_30min,-,seasonal_naive,naive,6937,2025-05-25,1.5966942015569134,2.652833548684915e-06,17.644234602082708,,
uk_demand_30min,-,seasonal_naive,naive,11827,2025-09-04,0.5839729050786394,2.652833548684915e-06,3.999218209197571,,
uk_demand_30min,-,seasonal_naive,naive,16716,2025-12-15,3.2640003677208393,2.652833548684915e-06,18.921196495363148,,
uk_demand_30min,-,seasonal_naive,naive,21606,2026-03-27,1.092486317156905,2.652833548684915e-06,8.722294305539073,,
uk_demand_30min,-,seasonal_naive,naive,26495,2026-07-06,0.5302991136672286,2.652833548684915e-06,4.535441265313827,,
uk_demand_30min,-,seasonal_profile,naive,2048,2025-02-12,0.6113618761959765,1.9583346632619698e-05,3.382124861661718,,
uk_demand_30min,-,seasonal_profile,naive,6937,2025-05-25,2.582320268362084,1.9583346632619698e-05,27.251674601265748,,
uk_demand_30min,-,seasonal_profile,naive,11827,2025-09-04,0.49155494828690915,1.9583346632619698e-05,3.2780603424344643,,
uk_demand_30min,-,seasonal_profile,naive,16716,2025-12-15,2.0982730544738324,1.9583346632619698e-05,12.13019449998483,,
uk_demand_30min,-,seasonal_profile,naive,21606,2026-03-27,0.666299401084496,1.9583346632619698e-05,5.1271228722128495,,
uk_demand_30min,-,seasonal_profile,naive,26495,2026-07-06,1.139718569274722,1.9583346632619698e-05,9.715538508875738,,
uk_demand_30min,-,autoets,statistical,2048,2025-02-12,3.281196023326037,0.7442835138256972,21.004920404112926,0.15108743662856652,64.58333333333334
uk_demand_30min,-,autoets,statistical,6937,2025-05-25,2.0232067144644357,0.7442835138256972,18.967443887478364,0.1628927739361906,60.416666666666664
uk_demand_30min,-,autoets,statistical,11827,2025-09-04,2.8189781511161978,0.7442835138256972,21.859507871549457,0.14842078133559075,47.91666666666667
uk_demand_30min,-,autoets,statistical,16716,2025-12-15,4.494940452079226,0.7442835138256972,24.1825649208814,0.23520034132741313,39.58333333333333
uk_demand_30min,-,autoets,statistical,21606,2026-03-27,3.1649709916094757,0.7442835138256972,24.07986331316579,0.19605283358446912,50.0
uk_demand_30min,-,autoets,statistical,26495,2026-07-06,1.5488654755599174,0.7442835138256972,11.88895536247655,0.1081638062982061,91.66666666666666
uk_demand_30min,-,autotheta,statistical,2048,2025-02-12,0.24282062711241278,0.2341744028381072,1.2522915983514336,0.014726464699897853,97.91666666666666
uk_demand_30min,-,autotheta,statistical,6937,2025-05-25,1.1317164388145946,0.2341744028381072,10.957388788797338,0.09335971062951849,39.58333333333333
uk_demand_30min,-,autotheta,statistical,11827,2025-09-04,1.2172042474916098,0.2341744028381072,8.936879319655104,0.06337423236420364,56.25
uk_demand_30min,-,autotheta,statistical,16716,2025-12-15,1.508014631283836,0.2341744028381072,8.734198759217595,0.07203103426773247,52.083333333333336
uk_demand_30min,-,autotheta,statistical,21606,2026-03-27,0.6407233293054327,0.2341744028381072,4.983275461764719,0.046832923049020946,72.91666666666666
uk_demand_30min,-,autotheta,statistical,26495,2026-07-06,0.5718713562336636,0.2341744028381072,4.4619758003810635,0.03789491647728644,97.91666666666666
uk_demand_30min,-,gbdt_calendar,ml,2048,2025-02-12,1.4409514666544514,0.9970377221664725,9.55036848677165,,
uk_demand_30min,-,gbdt_calendar,ml,6937,2025-05-25,1.7908142122847617,0.9970377221664725,19.508383017278963,,
uk_demand_30min,-,gbdt_calendar,ml,11827,2025-09-04,1.504021304682898,0.9970377221664725,10.322576511171851,,
uk_demand_30min,-,gbdt_calendar,ml,16716,2025-12-15,2.181261648614754,0.9970377221664725,12.304504856775951,,
uk_demand_30min,-,gbdt_calendar,ml,21606,2026-03-27,1.3771318919762847,0.9970377221664725,11.583648065670804,,
uk_demand_30min,-,gbdt_calendar,ml,26495,2026-07-06,0.9630890100124994,0.9970377221664725,8.634675543756913,,
uk_demand_30min,-,timesfm_2p5_ctx2048,timesfm,2048,2025-02-12,0.2287459627477451,0.6486819791607559,1.220886013089061,0.010382565255776958,100.0
uk_demand_30min,-,timesfm_2p5_ctx2048,timesfm,6937,2025-05-25,1.175579891820149,0.6486819791607559,12.05605856621195,0.09521114650588029,41.66666666666667
uk_demand_30min,-,timesfm_2p5_ctx2048,timesfm,11827,2025-09-04,0.35084990561430573,0.6486819791607559,2.4584166022977083,0.018996311339399233,81.25
uk_demand_30min,-,timesfm_2p5_ctx2048,timesfm,16716,2025-12-15,0.3991138799573068,0.6486819791607559,2.39061535866415,0.018619120972769906,87.5
uk_demand_30min,-,timesfm_2p5_ctx2048,timesfm,21606,2026-03-27,0.9059017612383143,0.6486819791607559,6.995189447715933,0.06592156506329075,64.58333333333334
uk_demand_30min,-,timesfm_2p5_ctx2048,timesfm,26495,2026-07-06,0.5007310900005316,0.6486819791607559,3.8840135231481194,0.0383297708454242,77.08333333333334
uk_demand_30min,-,chronos_2_ctx2048,chronos,2048,2025-02-12,0.19930647382696723,0.8053089166642167,1.0591930533245058,0.009600657617085381,95.83333333333334
uk_demand_30min,-,chronos_2_ctx2048,chronos,6937,2025-05-25,1.2019994562952347,0.8053089166642167,12.286769021577687,0.0915057060318076,70.83333333333334
uk_demand_30min,-,chronos_2_ctx2048,chronos,11827,2025-09-04,0.3582875065506933,0.8053089166642167,2.497107114924493,0.019275684941737686,91.66666666666666
uk_demand_30min,-,chronos_2_ctx2048,chronos,16716,2025-12-15,1.3676551130327386,0.8053089166642167,7.99473258907471,0.06418586497139644,16.666666666666664
uk_demand_30min,-,chronos_2_ctx2048,chronos,21606,2026-03-27,0.621809012583488,0.8053089166642167,4.8125263560856775,0.041117135866999034,70.83333333333334
uk_demand_30min,-,chronos_2_ctx2048,chronos,26495,2026-07-06,0.3433895830088974,0.8053089166642167,2.702277186372701,0.027478825387521916,91.66666666666666
uk_demand_30min,-,chronos_bolt_small,chronos,2048,2025-02-12,0.3092544081324847,0.3109954721682395,1.545096228674353,0.014130544520698838,100.0
uk_demand_30min,-,chronos_bolt_small,chronos,6937,2025-05-25,1.6764846681788579,0.3109954721682395,16.970735740484315,0.14901734181560644,6.25
uk_demand_30min,-,chronos_bolt_small,chronos,11827,2025-09-04,0.4081927646108101,0.3109954721682395,3.0045752755175803,0.021942720095489934,75.0
uk_demand_30min,-,chronos_bolt_small,chronos,16716,2025-12-15,1.2148659273931464,0.3109954721682395,7.30238048555988,0.057939447324359836,10.416666666666668
uk_demand_30min,-,chronos_bolt_small,chronos,21606,2026-03-27,0.8525264521114891,0.3109954721682395,6.8979067617891205,0.05604130491538099,37.5
uk_demand_30min,-,chronos_bolt_small,chronos,26495,2026-07-06,0.28791425612062227,0.3109954721682395,2.4751897333081545,0.01921793182727178,85.41666666666666
white_noise_synth,-,naive_last,naive,2048,2026-05-25,0.8011928932940707,1.8333472932378452e-06,,,
white_noise_synth,-,naive_last,naive,2253,2026-06-02,0.8807612964090444,1.8333472932378452e-06,,,
white_noise_synth,-,naive_last,naive,2457,2026-06-11,1.6183113790649892,1.8333472932378452e-06,,,
white_noise_synth,-,naive_last,naive,2662,2026-06-19,0.8529300503194771,1.8333472932378452e-06,,,
white_noise_synth,-,naive_last,naive,2866,2026-06-28,0.7907879555223093,1.8333472932378452e-06,,,
white_noise_synth,-,naive_last,naive,3071,2026-07-06,0.7759846339046693,1.8333472932378452e-06,,,
white_noise_synth,-,naive_mean,naive,2048,2026-05-25,0.6658615826337186,3.451326241095861e-06,,,
white_noise_synth,-,naive_mean,naive,2253,2026-06-02,0.7071079871406865,3.451326241095861e-06,,,
white_noise_synth,-,naive_mean,naive,2457,2026-06-11,0.6246733941297014,3.451326241095861e-06,,,
white_noise_synth,-,naive_mean,naive,2662,2026-06-19,0.7758815581414663,3.451326241095861e-06,,,
white_noise_synth,-,naive_mean,naive,2866,2026-06-28,0.6537207963380428,3.451326241095861e-06,,,
white_noise_synth,-,naive_mean,naive,3071,2026-07-06,0.7787224800197267,3.451326241095861e-06,,,
white_noise_synth,-,seasonal_naive,naive,2048,2026-05-25,0.9294949946847771,2.9234991719325385e-06,,,
white_noise_synth,-,seasonal_naive,naive,2253,2026-06-02,0.9345290031993455,2.9234991719325385e-06,,,
white_noise_synth,-,seasonal_naive,naive,2457,2026-06-11,0.929903096614783,2.9234991719325385e-06,,,
white_noise_synth,-,seasonal_naive,naive,2662,2026-06-19,1.0437212014767494,2.9234991719325385e-06,,,
white_noise_synth,-,seasonal_naive,naive,2866,2026-06-28,0.8453134667048938,2.9234991719325385e-06,,,
white_noise_synth,-,seasonal_naive,naive,3071,2026-07-06,1.1354716565622351,2.9234991719325385e-06,,,
white_noise_synth,-,seasonal_profile,naive,2048,2026-05-25,0.8396892804735159,1.863884972408414e-05,,,
white_noise_synth,-,seasonal_profile,naive,2253,2026-06-02,0.6526378698068346,1.863884972408414e-05,,,
white_noise_synth,-,seasonal_profile,naive,2457,2026-06-11,0.61899504333459,1.863884972408414e-05,,,
white_noise_synth,-,seasonal_profile,naive,2662,2026-06-19,0.7825072949114714,1.863884972408414e-05,,,
white_noise_synth,-,seasonal_profile,naive,2866,2026-06-28,0.7341580427067191,1.863884972408414e-05,,,
white_noise_synth,-,seasonal_profile,naive,3071,2026-07-06,0.8071776897446249,1.863884972408414e-05,,,
white_noise_synth,-,autoets,statistical,2048,2026-05-25,0.6614246382182782,0.17441369449564567,,0.7914936134501223,75.0
white_noise_synth,-,autoets,statistical,2253,2026-06-02,0.7095139554635053,0.17441369449564567,,0.7507884170890068,83.33333333333334
white_noise_synth,-,autoets,statistical,2457,2026-06-11,0.628696846589363,0.17441369449564567,,0.7692461252411917,87.5
white_noise_synth,-,autoets,statistical,2662,2026-06-19,0.7807572363910164,0.17441369449564567,,0.7375890403749003,87.5
white_noise_synth,-,autoets,statistical,2866,2026-06-28,0.6537207963380428,0.17441369449564567,,0.7794106948130345,83.33333333333334
white_noise_synth,-,autoets,statistical,3071,2026-07-06,0.7776494566287016,0.17441369449564567,,0.809693024602427,75.0
white_noise_synth,-,autotheta,statistical,2048,2026-05-25,0.6863564631368149,0.19211382649761313,,0.8327523130952147,79.16666666666666
white_noise_synth,-,autotheta,statistical,2253,2026-06-02,0.7559851033433902,0.19211382649761313,,0.7854370361357075,87.5
white_noise_synth,-,autotheta,statistical,2457,2026-06-11,0.6476451720894777,0.19211382649761313,,0.7741809087599184,83.33333333333334
white_noise_synth,-,autotheta,statistical,2662,2026-06-19,0.8592259735195572,0.19211382649761313,,0.8052483241688111,70.83333333333334
white_noise_synth,-,autotheta,statistical,2866,2026-06-28,0.6537203426530884,0.19211382649761313,,0.8084214747824825,83.33333333333334
white_noise_synth,-,autotheta,statistical,3071,2026-07-06,0.8007884985220927,0.19211382649761313,,0.8162910643567585,79.16666666666666
white_noise_synth,-,gbdt_calendar,ml,2048,2026-05-25,0.8188929569685297,1.113876840332523,,,
white_noise_synth,-,gbdt_calendar,ml,2253,2026-06-02,0.7107535997150992,1.113876840332523,,,
white_noise_synth,-,gbdt_calendar,ml,2457,2026-06-11,0.6943534201390816,1.113876840332523,,,
white_noise_synth,-,gbdt_calendar,ml,2662,2026-06-19,0.8173048455631058,1.113876840332523,,,
white_noise_synth,-,gbdt_calendar,ml,2866,2026-06-28,0.6926251891228882,1.113876840332523,,,
white_noise_synth,-,gbdt_calendar,ml,3071,2026-07-06,0.8014326136184065,1.113876840332523,,,
white_noise_synth,-,timesfm_2p5_ctx2048,timesfm,2048,2026-05-25,0.664499638812473,0.18187461116273576,,0.7932504962276301,75.0
white_noise_synth,-,timesfm_2p5_ctx2048,timesfm,2253,2026-06-02,0.707974588670421,0.18187461116273576,,0.7502821716861721,83.33333333333334
white_noise_synth,-,timesfm_2p5_ctx2048,timesfm,2457,2026-06-11,0.6277675802989284,0.18187461116273576,,0.768431925598754,87.5
white_noise_synth,-,timesfm_2p5_ctx2048,timesfm,2662,2026-06-19,0.7802022498324238,0.18187461116273576,,0.7370430331408627,87.5
white_noise_synth,-,timesfm_2p5_ctx2048,timesfm,2866,2026-06-28,0.6531021487904717,0.18187461116273576,,0.7803132021976088,83.33333333333334
white_noise_synth,-,timesfm_2p5_ctx2048,timesfm,3071,2026-07-06,0.7760621463421523,0.18187461116273576,,0.8083326358592281,75.0
white_noise_synth,-,chronos_2_ctx2048,chronos,2048,2026-05-25,0.6617256467741038,0.027157694508787245,,0.7858894084396619,75.0
white_noise_synth,-,chronos_2_ctx2048,chronos,2253,2026-06-02,0.7038585398620094,0.027157694508787245,,0.7448575265010302,83.33333333333334
white_noise_synth,-,chronos_2_ctx2048,chronos,2457,2026-06-11,0.6232586957472707,0.027157694508787245,,0.7636702318573401,87.5
white_noise_synth,-,chronos_2_ctx2048,chronos,2662,2026-06-19,0.7934509147701405,0.027157694508787245,,0.7492673260891043,87.5
white_noise_synth,-,chronos_2_ctx2048,chronos,2866,2026-06-28,0.6531201356310002,0.027157694508787245,,0.7802440722405578,83.33333333333334
white_noise_synth,-,chronos_2_ctx2048,chronos,3071,2026-07-06,0.7789347202760598,0.027157694508787245,,0.8120642827042032,75.0
white_noise_synth,-,chronos_bolt_small,chronos,2048,2026-05-25,0.6690208263617364,0.009789958324593803,,0.8036470685240032,75.0
white_noise_synth,-,chronos_bolt_small,chronos,2253,2026-06-02,0.7034035826096248,0.009789958324593803,,0.7465720244129549,83.33333333333334
white_noise_synth,-,chronos_bolt_small,chronos,2457,2026-06-11,0.6196328231605673,0.009789958324593803,,0.7653599561974644,87.5
white_noise_synth,-,chronos_bolt_small,chronos,2662,2026-06-19,0.7908217778861943,0.009789958324593803,,0.7468153926554381,87.5
white_noise_synth,-,chronos_bolt_small,chronos,2866,2026-06-28,0.6610875522960556,0.009789958324593803,,0.7917649772919266,83.33333333333334
white_noise_synth,-,chronos_bolt_small,chronos,3071,2026-07-06,0.7792116146069018,0.009789958324593803,,0.8124645228216905,79.16666666666666
