group,variate,origin,n_variates,mean_abs_corr,mase_joint,mase_single
ds-139-5T,v003,2048,8,0.164,0.006349245302275968,0.007791133202533128
ds-139-5T,v006,2048,8,0.164,0.034166983997570184,0.031578532388875286
ds-139-5T,v008,2048,8,0.164,0.09318500467624402,0.08843517155277629
ds-139-5T,v016,2048,8,0.164,0.00704335720196388,0.0064320302935827155
ds-139-5T,v017,2048,8,0.164,0.38650346295482,0.388225759797617
ds-139-5T,v020,2048,8,0.164,0.04142219839653967,0.04727315275709563
ds-139-5T,v022,2048,8,0.164,0.0654656302085234,0.06483509537166038
ds-139-5T,v024,2048,8,0.164,1.009848510457742,0.9658752844390085
ds-139-5T,v003,2435,8,0.164,0.08290106083491806,0.08504093876542396
ds-139-5T,v006,2435,8,0.164,0.15923871958715746,0.15835176139653592
ds-139-5T,v008,2435,8,0.164,0.6256246176850606,0.66833570998781
ds-139-5T,v016,2435,8,0.164,0.018997859578240198,0.02012717768198088
ds-139-5T,v017,2435,8,0.164,0.40320811429552156,0.40977427565785846
ds-139-5T,v020,2435,8,0.164,0.6776284026095056,0.738698592505732
ds-139-5T,v022,2435,8,0.164,0.07498080279416255,0.0684388762062296
ds-139-5T,v024,2435,8,0.164,0.13279626471827977,0.09756983870380924
ds-139-5T,v003,2822,8,0.164,0.04717173787485098,0.19343912826465764
ds-139-5T,v006,2822,8,0.164,1.6693818858915412,1.6627644155469323
ds-139-5T,v008,2822,8,0.164,1.1941231072723189,0.9651143144644801
ds-139-5T,v016,2822,8,0.164,0.26542744767015913,0.3253910628102178
ds-139-5T,v017,2822,8,0.164,1.1093516990014625,1.0924573383687262
ds-139-5T,v020,2822,8,0.164,1.66971198129811,2.7209168696059782
ds-139-5T,v022,2822,8,0.164,0.3192421971707799,0.5623953066050583
ds-139-5T,v024,2822,8,0.164,0.04300216059926919,0.03633656051195499
ds-139-5T,v003,3209,8,0.164,0.01589561730060348,0.005860025489301934
ds-139-5T,v006,3209,8,0.164,0.052108820049681905,0.07311281620721127
ds-139-5T,v008,3209,8,0.164,0.5401883040082455,0.30588993014964594
ds-139-5T,v016,3209,8,0.164,0.012830128632292303,0.009654442245542093
ds-139-5T,v017,3209,8,0.164,0.4863572145002934,0.39965744825174504
ds-139-5T,v020,3209,8,0.164,0.06263484982974915,0.07090532928226949
ds-139-5T,v022,3209,8,0.164,0.13685980304056622,0.15794142177088372
ds-139-5T,v024,3209,8,0.164,0.09866857558149851,0.06104125854641997
ds-139-5T,v003,3596,8,0.164,1.0984273292053341,1.0915464799599301
ds-139-5T,v006,3596,8,0.164,0.5461623694703459,0.5106487370979261
ds-139-5T,v008,3596,8,0.164,0.1839133567851501,0.145492753662436
ds-139-5T,v016,3596,8,0.164,0.009631476948336354,0.00529708929726161
ds-139-5T,v017,3596,8,0.164,0.573881442504793,0.5731712306835886
ds-139-5T,v020,3596,8,0.164,0.10486719434629047,0.15901222754608146
ds-139-5T,v022,3596,8,0.164,0.12506504534006338,0.1283615122860569
ds-139-5T,v024,3596,8,0.164,0.08188131230275134,0.05331835114418443
ds-139-5T,v003,3983,8,0.164,0.04144315887284833,0.04861602607311933
ds-139-5T,v006,3983,8,0.164,0.024183547213353206,0.02915797970086311
ds-139-5T,v008,3983,8,0.164,0.5091270317579086,0.4709375479283276
ds-139-5T,v016,3983,8,0.164,0.02319461625620213,0.021961154904467314
ds-139-5T,v017,3983,8,0.164,0.3400275521330023,0.2880174435102487
ds-139-5T,v020,3983,8,0.164,0.20147554015123875,0.11342481919406394
ds-139-5T,v022,3983,8,0.164,0.08090140783870158,0.06716188222883303
ds-139-5T,v024,3983,8,0.164,2.1890680240734337,0.019483616270790725
ds-1558-5T,v000,2048,8,0.198,0.005403615024976337,0.006000184930054091
ds-1558-5T,v002,2048,8,0.198,0.19967606965537651,0.18837568480069963
ds-1558-5T,v003,2048,8,0.198,0.10969199310251924,0.10099321788603496
ds-1558-5T,v004,2048,8,0.198,0.3096845954043131,0.29779332462685687
ds-1558-5T,v005,2048,8,0.198,0.041960628785314605,0.036292144257875435
ds-1558-5T,v006,2048,8,0.198,0.042320712450621786,0.0410086648380362
ds-1558-5T,v007,2048,8,0.198,0.8241381253453678,0.8301272124354002
ds-1558-5T,v008,2048,8,0.198,0.6010849600734456,0.603431031355873
ds-1558-5T,v000,2435,8,0.198,0.004818933153821327,0.005581406254364894
ds-1558-5T,v002,2435,8,0.198,0.15955359324739593,0.1802539315693212
ds-1558-5T,v003,2435,8,0.198,0.247273778810295,0.22819994143048541
ds-1558-5T,v004,2435,8,0.198,0.656991451933132,0.6574877162478677
ds-1558-5T,v005,2435,8,0.198,0.057438976323433616,1.0222615608596712
ds-1558-5T,v006,2435,8,0.198,0.14497787087552666,0.16720398092211283
ds-1558-5T,v007,2435,8,0.198,0.6708143263861767,0.618162966495436
ds-1558-5T,v008,2435,8,0.198,0.5789560717740949,0.5848363081899846
ds-1558-5T,v000,2822,8,0.198,0.01101878622199792,0.012969203882558877
ds-1558-5T,v002,2822,8,0.198,0.3409542399077903,0.3439964289981173
ds-1558-5T,v003,2822,8,0.198,0.6370524733466291,0.591211877695819
ds-1558-5T,v004,2822,8,0.198,1.650595432038197,0.6967175575497417
ds-1558-5T,v005,2822,8,0.198,0.18305173405841937,0.2296915220695936
ds-1558-5T,v006,2822,8,0.198,0.6415647672565624,0.6645209816357873
ds-1558-5T,v007,2822,8,0.198,0.7152658817464992,0.7116287617509957
ds-1558-5T,v008,2822,8,0.198,0.5475187968065718,0.47726340632599074
ds-1558-5T,v000,3209,8,0.198,0.046726800176792725,0.04974662963061419
ds-1558-5T,v002,3209,8,0.198,1.1712854388663447,1.0867415987006162
ds-1558-5T,v003,3209,8,0.198,0.30194733568704624,0.2860841397723176
ds-1558-5T,v004,3209,8,0.198,1.1380034755337713,1.1212398290238033
ds-1558-5T,v005,3209,8,0.198,0.564117671607063,0.5794879218393495
ds-1558-5T,v006,3209,8,0.198,0.32768036535005257,0.3400376969866812
ds-1558-5T,v007,3209,8,0.198,0.6173673750280014,0.6475243962531061
ds-1558-5T,v008,3209,8,0.198,0.3392286302433305,0.3259408570340242
ds-1558-5T,v000,3596,8,0.198,0.17498891363991556,0.17285122654944057
ds-1558-5T,v002,3596,8,0.198,1.1021218798047026,1.0952992803343022
ds-1558-5T,v003,3596,8,0.198,0.4021889784675376,0.36866601237151064
ds-1558-5T,v004,3596,8,0.198,0.9762668735782349,1.0308437692439805
ds-1558-5T,v005,3596,8,0.198,0.4555410632436083,0.4547895169441589
ds-1558-5T,v006,3596,8,0.198,0.34915149466140966,0.3376845962869434
ds-1558-5T,v007,3596,8,0.198,0.7848451505772222,0.7390441430641149
ds-1558-5T,v008,3596,8,0.198,0.6215325390589369,0.6121748680776198
ds-1558-5T,v000,3983,8,0.198,0.14594555079438115,0.1601420532573593
ds-1558-5T,v002,3983,8,0.198,0.5717309133569076,0.5446187334183376
ds-1558-5T,v003,3983,8,0.198,0.2861841844247039,0.2875950118282502
ds-1558-5T,v004,3983,8,0.198,0.6304383878598232,0.626679248669028
ds-1558-5T,v005,3983,8,0.198,0.2768990085059695,0.36835035891607876
ds-1558-5T,v006,3983,8,0.198,0.21954992917755398,0.22171614565896558
ds-1558-5T,v007,3983,8,0.198,0.6957084327442544,0.7527821674260837
ds-1558-5T,v008,3983,8,0.198,1.0561400091628257,1.016309120580087
ds-2-5T,v000,2048,8,0.43,0.12152570871353054,0.1014838154147195
ds-2-5T,v001,2048,8,0.43,0.033320991011915484,0.036902792280485396
ds-2-5T,v003,2048,8,0.43,0.19902142695076055,0.25320634555601823
ds-2-5T,v005,2048,8,0.43,0.0168584539737403,0.003547372866173922
ds-2-5T,v006,2048,8,0.43,0.23350465954277722,0.2940831173889996
ds-2-5T,v008,2048,8,0.43,0.017145302421812163,0.00378903995070205
ds-2-5T,v009,2048,8,0.43,0.01603952623822602,0.010305376965570991
ds-2-5T,v011,2048,8,0.43,0.0522647873357616,0.055522581826662795
ds-2-5T,v000,2435,8,0.43,0.8097795251816923,0.8122195243585114
ds-2-5T,v001,2435,8,0.43,0.32918666055658846,0.3411850457530757
ds-2-5T,v003,2435,8,0.43,0.39326244275006267,0.3799439978174443
ds-2-5T,v005,2435,8,0.43,0.1335595911132383,0.12771716059613356
ds-2-5T,v006,2435,8,0.43,0.29938452613361394,0.2693719935023077
ds-2-5T,v008,2435,8,0.43,0.360686099982126,0.40418103032833275
ds-2-5T,v009,2435,8,0.43,0.386706267757484,0.3926089504304143
ds-2-5T,v011,2435,8,0.43,0.16017861200955258,0.1425963182276982
ds-2-5T,v000,2822,8,0.43,0.2646050353731253,0.24564335798290293
ds-2-5T,v001,2822,8,0.43,0.14547054072763008,0.2753847684757388
ds-2-5T,v003,2822,8,0.43,0.13810820864975312,0.10666608637350126
ds-2-5T,v005,2822,8,0.43,0.11596046572003234,0.08927354488294538
ds-2-5T,v006,2822,8,0.43,0.565982498759403,0.5307516527062544
ds-2-5T,v008,2822,8,0.43,0.33481918200672617,0.3461770595548689
ds-2-5T,v009,2822,8,0.43,0.07823272072816936,0.11315436633826592
ds-2-5T,v011,2822,8,0.43,0.10045511872433671,0.12205896540443184
ds-2-5T,v000,3209,8,0.43,0.08785375910126879,0.07769537984252868
ds-2-5T,v001,3209,8,0.43,0.09136439266893548,0.05935521258608232
ds-2-5T,v003,3209,8,0.43,0.06504776610176988,0.09878453669948288
ds-2-5T,v005,3209,8,0.43,0.02538092983636266,0.110610443794941
ds-2-5T,v006,3209,8,0.43,0.06448721245696908,0.01244826002864828
ds-2-5T,v008,3209,8,0.43,0.029489307006817355,0.02421503307564953
ds-2-5T,v009,3209,8,0.43,0.09788559985374627,0.10550600438765449
ds-2-5T,v011,3209,8,0.43,0.05424543103860383,0.034683496530742444
ds-2-5T,v000,3596,8,0.43,0.03504127458773734,0.02121357248103292
ds-2-5T,v001,3596,8,0.43,0.03295503712182906,0.050895214527483974
ds-2-5T,v003,3596,8,0.43,0.17165947205555326,0.24522443471323474
ds-2-5T,v005,3596,8,0.43,0.028456758821896636,0.03401389590048068
ds-2-5T,v006,3596,8,0.43,0.05216455775301967,0.04672345237522452
ds-2-5T,v008,3596,8,0.43,0.0050558864314406505,0.009130094927962922
ds-2-5T,v009,3596,8,0.43,0.18942302761442334,0.10787334465155084
ds-2-5T,v011,3596,8,0.43,0.3290615628210152,0.36161430358670626
ds-2-5T,v000,3983,8,0.43,0.17887771437156266,0.13479192850750202
ds-2-5T,v001,3983,8,0.43,0.16514851310252632,0.2740114690722294
ds-2-5T,v003,3983,8,0.43,0.05080837224210391,0.11843420244877491
ds-2-5T,v005,3983,8,0.43,0.023898432513931603,0.010247757240874166
ds-2-5T,v006,3983,8,0.43,0.0861625508971363,0.09782809357817533
ds-2-5T,v008,3983,8,0.43,0.02447063006488767,0.04395333869460006
ds-2-5T,v009,3983,8,0.43,0.01644063158523742,0.029893532606155054
ds-2-5T,v011,3983,8,0.43,0.12091669128149957,0.10590389312312443
